{
  "Row": [
    {
      "key": "MQ==",
      "Cell": [
        {
          "column": "TWFjaGluZURldGFpbHM6QmF0dGVyeQ==",
          "timestamp": 1490942650649,
          "$": "NA=="
        },
        {
          "column": "TWFjaGluZURldGFpbHM6RW5naW5lTm9pc2U=",
          "timestamp": 1490942650633,
          "$": "NDQ="
        },
        {
          "column": "TWFjaGluZURldGFpbHM6RW5naW5lT24=",
          "timestamp": 1490942650729,
          "$": "MQ=="
        },
        {
          "column": "TWFjaGluZURldGFpbHM6TGF0aXR1ZGU=",
          "timestamp": 1490942650666,
          "$": "NDEuNDA2NzI5NzEyNDg0MjM2"
        },
        {
          "column": "TWFjaGluZURldGFpbHM6TG9uZ2l0dWRl",
          "timestamp": 1490942650706,
          "$": "LTEwNS43NDgwMDY3NzQ3MDAyNw=="
        },
        {
          "column": "TWFjaGluZURldGFpbHM6VGVtcGVyYXR1cmU=",
          "timestamp": 1490942650614,
          "$": "NDU="
        },
        {
          "column": "TWFjaGluZURldGFpbHM6bWFjaGluZVRpbWVTdGFtcA==",
          "timestamp": 1490942650562,
          "$": "MTQ5MDE2OTM5OQ=="
        }
      ]
    },
    {
      "key": "Mw==",
      "Cell": [
        {
          "column": "TWFjaGluZURldGFpbHM6QmF0dGVyeQ==",
          "timestamp": 1490942650817,
          "$": "OTA="
        },
        {
          "column": "TWFjaGluZURldGFpbHM6RW5naW5lTm9pc2U=",
          "timestamp": 1490942650803,
          "$": "MjU="
        },
        {
          "column": "TWFjaGluZURldGFpbHM6RW5naW5lT24=",
          "timestamp": 1490942806633,
          "$": "MQ=="
        },
        {
          "column": "TWFjaGluZURldGFpbHM6TGF0aXR1ZGU=",
          "timestamp": 1490942650832,
          "$": "MzYuMDE4NDA0ODA5NzUzNTM0"
        },
        {
          "column": "TWFjaGluZURldGFpbHM6TG9uZ2l0dWRl",
          "timestamp": 1490942650852,
          "$": "LTEwNy44NzQ3MDY1NTM0Mjc2OQ=="
        },
        {
          "column": "TWFjaGluZURldGFpbHM6VGVtcGVyYXR1cmU=",
          "timestamp": 1490942650785,
          "$": "NTA="
        },
        {
          "column": "TWFjaGluZURldGFpbHM6bWFjaGluZVRpbWVTdGFtcA==",
          "timestamp": 1490942650756,
          "$": "MTQ5MDE2OTM5OQ=="
        }
      ]
    }
  ]
}